José;Carvalho;José.Carvalho@hotmail.com
Maria;Garcia;Maria.Garcia@yahoo.com
João;Mendes;João.Mendes@ig.com
Ana;Batista;Ana.Batista@ig.com
Antônio;Mendes;Antônio.Mendes@ig.com
Francisca;Ramos;Francisca.Ramos@hotmail.com
Francisco;Moreira;Francisco.Moreira@yahoo.com
Antônia;Ramos;Antônia.Ramos@gmail.com
Carlos;Vieira;Carlos.Vieira@hotmail.com
Adriana;Oliveira;Adriana.Oliveira@hotmail.com
Paulo;Martins;Paulo.Martins@ig.com
Juliana;Cardoso;Juliana.Cardoso@hotmail.com
Pedro;Nunes;Pedro.Nunes@ig.com
Márcia;Rocha;Márcia.Rocha@hotmail.com
Lucas;Mendes;Lucas.Mendes@gmail.com
Fernanda;Silva;Fernanda.Silva@yahoo.com
Luiz;Garcia;Luiz.Garcia@ig.com
Patricia;Lima;Patricia.Lima@hotmail.com
Marcos;Fernandes;Marcos.Fernandes@gmail.com
Aline;Oliveira;Aline.Oliveira@hotmail.com
Luis;Medeiros;Luis.Medeiros@gmail.com
Sandra;Santso;Sandra.Santso@yahoo.com
Gabriel;Santana;Gabriel.Santana@hotmail.com
Camila;Santso;Camila.Santso@gmail.com
Rafael;Lima;Rafael.Lima@yahoo.com
Amanda;Alves;Amanda.Alves@hotmail.com
Daniel;Martins;Daniel.Martins@hotmail.com
Bruna;Barbosa;Bruna.Barbosa@ig.com
Marcelo;Freitas;Marcelo.Freitas@hotmail.com
Jéssica;Santso;Jéssica.Santso@gmail.com
Bruno;Castro;Bruno.Castro@ig.com
Leticia;Santana;Leticia.Santana@gmail.com
Eduardo;Mendes;Eduardo.Mendes@ig.com
Júlia;Costa;Júlia.Costa@ig.com
Felipe;Medeiros;Felipe.Medeiros@gmail.com
Luciana;Carvalho;Luciana.Carvalho@yahoo.com
Raimundo;Ferreira;Raimundo.Ferreira@gmail.com
Vanessa;Oliveira;Vanessa.Oliveira@gmail.com
Rodrigo;Alves;Rodrigo.Alves@gmail.com
Mariana;Duarte;Mariana.Duarte@gmail.com