José;Souza;José.Souza@hotmail.com
Maria;Batista;Maria.Batista@ig.com
João;Nascimento;João.Nascimento@gmail.com
Ana;Medeiros;Ana.Medeiros@yahoo.com
Antônio;Lima;Antônio.Lima@gmail.com
Francisca;Castro;Francisca.Castro@hotmail.com
Francisco;Santana;Francisco.Santana@yahoo.com
Antônia;Gonçalves;Antônia.Gonçalves@ig.com
Carlos;Melo;Carlos.Melo@hotmail.com
Adriana;Gonçalves;Adriana.Gonçalves@ig.com
Paulo;Moura;Paulo.Moura@yahoo.com
Juliana;Almeida;Juliana.Almeida@gmail.com
Pedro;Gonçalves;Pedro.Gonçalves@gmail.com
Márcia;Monteiro;Márcia.Monteiro@gmail.com
Lucas;Rocha;Lucas.Rocha@hotmail.com
Fernanda;Fernandes;Fernanda.Fernandes@ig.com
Luiz;Melo;Luiz.Melo@gmail.com
Patricia;Soares;Patricia.Soares@yahoo.com
Marcos;Oliveira;Marcos.Oliveira@ig.com
Aline;Castro;Aline.Castro@yahoo.com
Luis;Cardoso;Luis.Cardoso@yahoo.com
Sandra;Nascimento;Sandra.Nascimento@hotmail.com
Gabriel;Silva;Gabriel.Silva@yahoo.com
Camila;Reis;Camila.Reis@hotmail.com
Rafael;Lima;Rafael.Lima@ig.com
Amanda;Moura;Amanda.Moura@yahoo.com
Daniel;Gonçalves;Daniel.Gonçalves@hotmail.com
Bruna;Borges;Bruna.Borges@ig.com
Marcelo;Nunes;Marcelo.Nunes@hotmail.com
Jéssica;Andrade;Jéssica.Andrade@gmail.com
Bruno;Carvalho;Bruno.Carvalho@gmail.com
Leticia;Nascimento;Leticia.Nascimento@gmail.com
Eduardo;Santana;Eduardo.Santana@gmail.com
Júlia;Monteiro;Júlia.Monteiro@yahoo.com
Felipe;Marques;Felipe.Marques@hotmail.com
Luciana;Pereira;Luciana.Pereira@yahoo.com
Raimundo;Mendes;Raimundo.Mendes@gmail.com
Vanessa;Reis;Vanessa.Reis@ig.com
Rodrigo;Martins;Rodrigo.Martins@hotmail.com
Mariana;Campos;Mariana.Campos@yahoo.com
