José;Borges;José.Borges@ig.com
Maria;Borges;Maria.Borges@yahoo.com
João;Fernandes;João.Fernandes@gmail.com
Ana;Dias;Ana.Dias@hotmail.com
Antônio;Fernandes;Antônio.Fernandes@yahoo.com
Francisca;Dias;Francisca.Dias@yahoo.com
Francisco;Melo;Francisco.Melo@gmail.com
Antônia;Nunes;Antônia.Nunes@ig.com
Carlos;Ramos;Carlos.Ramos@hotmail.com
Adriana;Miranda;Adriana.Miranda@yahoo.com
Paulo;Lopes;Paulo.Lopes@gmail.com
Juliana;Moura;Juliana.Moura@gmail.com
Pedro;Oliveira;Pedro.Oliveira@yahoo.com
Márcia;Pereira;Márcia.Pereira@yahoo.com
Lucas;Moura;Lucas.Moura@yahoo.com
Fernanda;Mendes;Fernanda.Mendes@ig.com
Luiz;Nunes;Luiz.Nunes@yahoo.com
Patricia;Rocha;Patricia.Rocha@ig.com
Marcos;Monteiro;Marcos.Monteiro@hotmail.com
Aline;Santana;Aline.Santana@gmail.com
Luis;Lopes;Luis.Lopes@hotmail.com
Sandra;Melo;Sandra.Melo@hotmail.com
Gabriel;Cardoso;Gabriel.Cardoso@yahoo.com
Camila;Marques;Camila.Marques@ig.com
Rafael;Moreira;Rafael.Moreira@ig.com
Amanda;Santso;Amanda.Santso@ig.com
Daniel;Rocha;Daniel.Rocha@gmail.com
Bruna;Moreira;Bruna.Moreira@ig.com
Marcelo;Gomes;Marcelo.Gomes@yahoo.com
Jéssica;Lopes;Jéssica.Lopes@hotmail.com
Bruno;Ribeiro;Bruno.Ribeiro@yahoo.com
Leticia;Ribeiro;Leticia.Ribeiro@ig.com
Eduardo;Medeiros;Eduardo.Medeiros@gmail.com
Júlia;Teixeira;Júlia.Teixeira@ig.com
Felipe;Lima;Felipe.Lima@ig.com
Luciana;Castro;Luciana.Castro@ig.com
Raimundo;Ribeiro;Raimundo.Ribeiro@ig.com
Vanessa;Mendes;Vanessa.Mendes@yahoo.com
Rodrigo;Cardoso;Rodrigo.Cardoso@gmail.com
Mariana;Carvalho;Mariana.Carvalho@yahoo.com
